{"cameraMode":{"drawMode":0,"name":"Shaded","section":"Shading Mode"},"sceneLighting":true,"audioPlay":false,"sceneViewState":{"showFog":true,"showMaterialUpdate":false,"showSkybox":true,"showFlares":true,"showImageEffects":true,"showParticleSystems":true},"in2DMode":false,"pivot":{"x":-0.1486530303955078,"y":1.4073147773742676,"z":-0.23533999919891358},"rotation":{"x":-0.03579253703355789,"y":0.6942655444145203,"z":-0.03460981324315071,"w":-0.7179946899414063},"size":10.0,"orthographic":false}